日期,股票代码,开盘,收盘,最高,最低,成交量,成交额,振幅,涨跌幅,涨跌额,换手率,MA5,MA10,MA20,MA60,EMA12,EMA26,MACD,Signal,MACD_Hist,RSI,BB_Middle,BB_Upper,BB_Lower
2024-01-02,000001,7.83,7.65,7.86,7.65,1158366,1075742252.45,2.68,-2.3,-0.18,0.6,,,,,7.65,7.65,0.0,0.0,0.0,,,,
2024-01-03,000001,7.63,7.64,7.66,7.59,733610,673673613.54,0.92,-0.13,-0.01,0.38,,,,,7.648461538461539,7.64925925925926,-0.0007977207977214462,-0.00015954415954428925,-0.000638176638177157,,,,
2024-01-04,000001,7.63,7.55,7.63,7.52,864194,787470082.37,1.44,-1.18,-0.09,0.45,,,,,7.633313609467456,7.641906721536352,-0.008593112068895792,-0.00184625774141459,-0.006746854327481202,,,,
2024-01-05,000001,7.54,7.71,7.88,7.51,1991622,1852659692.14,4.9,2.12,0.16,1.03,,,,,7.645111515703233,7.6469506680892145,-0.001839152385981535,-0.001844836670327979,5.684284346443901e-06,,,,
2024-01-08,000001,7.67,7.59,7.74,7.55,1121156,1029006548.73,2.46,-1.56,-0.12,0.58,7.628,,,,7.636632820979659,7.642732100082606,-0.006099279102946831,-0.0026957251568517494,-0.0034035539460950813,,,,
2024-01-09,000001,7.6,7.62,7.63,7.53,766194,700375720.2,1.32,0.4,0.03,0.39,7.622,,,,7.634073925444326,7.641048240817228,-0.006974315372901607,-0.003551443200061721,-0.003422872172839886,,,,
2024-01-10,000001,7.6,7.53,7.63,7.53,858621,783771150.01,1.31,-1.18,-0.09,0.44,7.6,,,,7.618062552299046,7.632822445201137,-0.014759892902091565,-0.00579313314046769,-0.008966759761623875,,,,
2024-01-11,000001,7.52,7.61,7.66,7.47,934686,853890237.29,2.52,1.06,0.08,0.48,7.612,,,,7.616822159637653,7.631131893704756,-0.014309734067103008,-0.007496453325794754,-0.006813280741308254,,,,
2024-01-12,000001,7.57,7.63,7.71,7.55,772582,711018266.07,2.1,0.26,0.02,0.4,7.595999999999999,,,,7.6188495196933985,7.631048049726626,-0.012198530033227684,-0.00843686866728134,-0.003761661365946344,,,,
2024-01-15,000001,7.6,7.65,7.73,7.57,745133,685950951.45,2.1,0.26,0.02,0.38,7.608,7.618,,,7.623641901279029,7.632451897895024,-0.008809996615994464,-0.008511494257023964,-0.0002985023589705,,,,
2024-01-16,000001,7.63,7.78,7.79,7.6,1438313,1334465408.53,2.48,1.7,0.13,0.74,7.640000000000001,7.631,,,7.647696993389948,7.643381386939836,0.004315606450111531,-0.005946074115596865,0.010261680565708396,,,,
2024-01-17,000001,7.77,7.67,7.83,7.67,1482296,1380725065.03,2.06,-1.41,-0.11,0.76,7.668000000000001,7.633999999999999,,,7.651128225176111,7.6453531360554035,0.005775089120707122,-0.0036018414683360676,0.00937693058904319,,,,
2024-01-18,000001,7.65,7.64,7.68,7.44,1755132,1597853726.63,3.13,-0.39,-0.03,0.9,7.674000000000001,7.642999999999999,,,7.649416190533632,7.644956607458707,0.004459583074925,-0.0019895565596838543,0.006449139634608855,,,,
2024-01-19,000001,7.6,7.61,7.64,7.54,963981,881865023.89,1.31,-0.39,-0.03,0.5,7.67,7.633,,,7.643352161220765,7.642367229128432,0.0009849320923329685,-0.0013946588292804898,0.0023795909216134583,47.82608695652174,,,
2024-01-22,000001,7.6,7.54,7.7,7.48,1580320,1449858241.68,2.89,-0.92,-0.07,0.81,7.648000000000001,7.628,,,7.627451828725262,7.634784471415214,-0.007332642689951818,-0.0025822556014147556,-0.004750387088537063,44.444444444444436,,,
2024-01-23,000001,7.49,7.6,7.62,7.4,1135545,1030898421.04,2.92,0.8,0.06,0.59,7.612,7.6259999999999994,,,7.623228470459837,7.632207843902975,-0.008979373443137817,-0.003861679169759368,-0.005117694273378449,48.07692307692307,,,
2024-01-24,000001,7.67,7.77,7.78,7.51,1759123,1620099272.06,3.55,2.24,0.17,0.91,7.632,7.65,,,7.6458087057737085,7.642414670280533,0.003394035493175629,-0.0024105362371723686,0.005804571730347997,59.821428571428555,,,
2024-01-25,000001,7.77,7.94,7.98,7.71,2162514,2037648413.07,3.47,2.19,0.17,1.11,7.692,7.683,,,7.691068904885445,7.66445802803753,0.026610876847914966,0.0033937463798450985,0.023217130468069867,60.17699115044249,,,
2024-01-26,000001,7.91,8.06,8.11,7.88,2272287,2172799799.01,2.9,1.51,0.12,1.17,7.782000000000001,7.726000000000001,,,7.747827534903069,7.693757433368083,0.05407010153498604,0.013529017410873288,0.04054108412411275,70.79646017699116,,,
2024-01-29,000001,8.13,8.14,8.32,8.02,2376252,2312173346.33,3.72,0.99,0.08,1.22,7.901999999999999,7.775,7.6965,,7.808161760302598,7.7268124383037815,0.08134932199881639,0.02709307832846191,0.05425624367035448,72.03389830508476,7.6965,8.031055478838791,7.361944521161209
2024-01-30,000001,8.05,7.94,8.14,7.93,1579122,1515156603.96,2.58,-2.46,-0.2,0.81,7.970000000000001,7.7909999999999995,7.711,,7.828444566409891,7.7426041095405385,0.08584045686935227,0.038842554036639984,0.04699790283271228,65.89147286821705,7.711,8.061812590544028,7.360187409455974
2024-01-31,000001,7.9,7.9,8.0,7.82,1357217,1286857396.81,2.27,-0.5,-0.04,0.7,7.9959999999999996,7.814,7.724000000000001,,7.839453094654523,7.754263064389388,0.08519003026513516,0.04811204928233902,0.037077980982796147,61.599999999999994,7.724000000000001,8.082910632477313,7.36508936752269
2024-02-01,000001,7.85,7.85,7.92,7.78,1055260,993481907.01,1.77,-0.63,-0.05,0.54,7.978,7.835000000000001,7.739,,7.8410756954769045,7.761354689249433,0.07972100622747114,0.05443384067136545,0.02528716555610569,58.59374999999998,7.739,8.092324064757614,7.385675935242386
2024-02-02,000001,7.86,7.71,7.91,7.51,1634214,1520605694.69,5.1,-1.78,-0.14,0.84,7.9079999999999995,7.845000000000001,7.739,,7.820910203865074,7.757550638193919,0.06335956567115453,0.05621898567132327,0.0071405799998312605,52.14285714285712,7.739,8.092324064757614,7.385675935242386
2024-02-05,000001,7.63,7.82,7.87,7.55,1803592,1674566499.46,4.15,1.43,0.11,0.93,7.843999999999999,7.873,7.750500000000001,,7.820770172501216,7.762176516846221,0.0585936556549953,0.05669391966805768,0.0018997359869376215,51.44927536231884,7.750500000000001,8.098333898653701,7.402666101346301
2024-02-06,000001,7.74,8.12,8.12,7.73,1995410,1900324218.2,4.99,3.84,0.3,1.03,7.88,7.925,7.775500000000001,,7.8668055305779525,7.788681960042797,0.07812357053515573,0.06097984984147729,0.017143720693678435,64.33121019108279,7.775500000000001,8.154333389291528,7.396666610708474
2024-02-07,000001,8.06,8.05,8.11,7.92,2062015,1975435102.12,2.34,-0.86,-0.07,1.06,7.909999999999999,7.953,7.8015,,7.894989295104422,7.808038851891479,0.08695044321294265,0.06617396851577037,0.02077647469717228,62.732919254658434,7.8015,8.180766605298619,7.422233394701381
2024-02-08,000001,8.02,8.11,8.11,7.96,1656814,1593505690.13,1.86,0.75,0.06,0.85,7.962000000000001,7.970000000000001,7.8265,,7.928067865088357,7.830406344343962,0.09766152074439471,0.07247147896149525,0.025190041782899464,65.24390243902438,7.8265,8.218325686270125,7.434674313729876
2024-02-19,000001,8.2,8.25,8.25,8.09,1605243,1564088444.93,1.97,1.73,0.14,0.83,8.07,7.989,7.8575,,7.977595885843995,7.861487355874039,0.11610852996995558,0.08119888916318732,0.034909640806768255,70.76023391812868,7.8575,8.280714515719618,7.434285484280382
2024-02-20,000001,8.23,8.26,8.28,8.17,1123564,1098987813.26,1.33,0.12,0.01,0.58,8.158,8.001,7.888,,8.021042672637225,7.89100681099448,0.13003586164274505,0.09096628365909888,0.03906957798364617,69.87951807228919,7.888,8.335477138492779,7.440522861507221
2024-02-21,000001,8.22,9.24,9.24,8.21,5055285,5295259396.81,12.47,11.86,0.98,2.61,8.382000000000001,8.131,7.961,,8.208574569154575,7.990932232402297,0.2176423367522773,0.11630149427773456,0.10134084247454272,79.75708502024294,7.961,8.709441187085744,7.212558812914256
2024-02-22,000001,9.09,9.34,9.35,9.06,4922325,5307736374.06,3.14,1.08,0.1,2.54,8.639999999999999,8.275,8.044500000000001,,8.38264002005387,8.090863178150276,0.29177684190359443,0.15139656380290656,0.14038027810068787,79.16666666666669,8.044500000000001,9.000180523584058,7.088819476415944
2024-02-23,000001,9.32,9.29,9.68,9.28,3567480,3917316281.52,4.28,-0.54,-0.05,1.84,8.876,8.419,8.126999999999999,,8.522233863122505,8.179688127916922,0.34254573520558296,0.18962639808344184,0.15291933712214112,76.39484978540771,8.126999999999999,9.211806070468965,7.042193929531034
2024-02-26,000001,9.22,8.97,9.32,8.94,2862609,3048205024.78,4.09,-3.44,-0.32,1.48,9.02,8.545,8.195,,8.591120961103659,8.238229748071225,0.352891213032434,0.2222793610732403,0.13061185195919367,66.14785992217901,8.195,9.313335228905236,7.076664771094763
2024-02-27,000001,8.93,8.94,9.04,8.9,1981905,2083027074.06,1.56,-0.33,-0.03,1.02,9.156,8.657,8.265,,8.644794659395403,8.290212729695579,0.35458192969982427,0.2487398747985571,0.10584205490126716,70.83333333333334,8.265,9.38596762712071,7.144032372879291
2024-02-28,000001,8.95,8.93,9.14,8.84,3082693,3253340358.41,3.36,-0.11,-0.01,1.59,9.094,8.738000000000001,8.3315,,8.688672404103801,8.337604379347757,0.35106802475604404,0.2692055047900545,0.08186251996598953,71.72995780590719,8.3315,9.444131305083868,7.218868694916131
2024-02-29,000001,8.86,9.03,9.03,8.85,1845344,1936020982.56,2.02,1.12,0.1,0.95,9.032,8.835999999999999,8.3945,,8.741184341933986,8.388892943840517,0.35229139809346854,0.2858226834507373,0.06646871464273124,74.38016528925623,8.3945,9.515917805608973,7.273082194391028
2024-03-01,000001,9.03,8.93,9.04,8.87,1828103,1917689306.77,1.88,-1.11,-0.1,0.94,8.959999999999999,8.918,8.443999999999999,,8.770232904713373,8.428974948000478,0.3412579567128944,0.29690973810316873,0.044348218609725654,75.63025210084037,8.443999999999999,9.56834121061835,7.3196587893816485
2024-03-04,000001,8.89,8.77,8.94,8.76,1655930,1719562862.03,2.02,-1.79,-0.16,0.85,8.92,8.969999999999999,8.4795,,8.770197073219007,8.454236062963407,0.3159610102556005,0.3007199925336551,0.015241017721945416,69.54732510288068,8.4795,9.597608835677928,7.361391164322072
2024-03-05,000001,8.74,8.87,8.91,8.7,1817319,1889144330.16,2.39,1.14,0.1,0.94,8.905999999999999,9.031,8.516,,8.785551369646853,8.485033391632784,0.300517978014069,0.3006795896297379,-0.0001616116156689107,66.81614349775788,8.516,9.635104905481914,7.396895094518086
2024-03-06,000001,8.84,8.77,8.89,8.77,1345640,1396940060.42,1.35,-1.13,-0.1,0.69,8.873999999999999,8.983999999999998,8.557500000000001,,8.783158851239644,8.506142029289615,0.2770168219500295,0.29594703609379625,-0.01893021414376672,65.92920353982299,8.557500000000001,9.647857256759647,7.467142743240355
2024-03-07,000001,8.77,8.82,9.08,8.77,2016166,2109589237.19,3.53,0.57,0.05,1.04,8.832,8.932,8.6035,,8.7888267202797,8.529390767860754,0.25943595241894535,0.2886448193588261,-0.02920886693988073,65.7777777777778,8.6035,9.653959047524612,7.5530409524753885
2024-03-08,000001,8.79,8.82,8.88,8.74,1113974,1154491251.23,1.59,0.0,0.0,0.57,8.81,8.885,8.652,,8.793622609467437,8.550917377648847,0.24270523181859005,0.27945690185077887,-0.03675167003218882,63.50710900473935,8.652,9.643916804660762,7.6600831953392365
2024-03-11,000001,8.82,8.91,8.91,8.78,1210673,1260212019.66,1.47,1.02,0.09,0.62,8.838,8.879,8.712,,8.811526823395525,8.5775160904156,0.23401073297992525,0.27036766807660817,-0.03635693509668292,64.84018264840184,8.712,9.604155285043795,7.819844714956205
2024-03-12,000001,8.92,9.0,9.03,8.85,1641262,1721999708.11,2.02,1.01,0.09,0.85,8.864,8.885,8.770999999999999,,8.84052269671929,8.60881119482926,0.23171150189003065,0.26263643483929267,-0.03092493294926202,40.76923076923075,8.770999999999999,9.565504811021832,7.976495188978167
2024-03-13,000001,8.97,8.77,8.99,8.74,1768039,1834654994.4,2.78,-2.56,-0.23,0.91,8.864,8.869,8.8035,,8.829673051070168,8.62075110632339,0.20892194474677872,0.2518935368207899,-0.04297159207401119,30.069930069930052,8.8035,9.5366912940592,8.0703087059408
2024-03-14,000001,8.74,8.67,8.82,8.64,1409400,1448499697.91,2.05,-1.14,-0.1,0.73,8.834,8.832999999999998,8.8345,,8.805107966290143,8.624399172521656,0.1807087937684866,0.23765658821032926,-0.05694779444184267,29.054054054054063,8.8345,9.480832975941556,8.188167024058444
2024-03-15,000001,8.99,9.04,9.19,8.94,3750208,3973799130.9,2.88,4.27,0.37,1.93,8.878,8.844,8.881,,8.841245202245505,8.655184419001532,0.18606078324397224,0.22733742721705788,-0.04127664397308564,52.28758169934636,8.881,9.435100503898928,8.326899496101072
2024-03-18,000001,9.0,8.98,9.05,8.93,1671397,1761249149.98,1.33,-0.66,-0.06,0.86,8.892,8.865,8.9175,,8.862592094207734,8.679244832408827,0.18334726179890737,0.2185393941334278,-0.035192132334520426,51.28205128205132,8.9175,9.386176748662482,8.448823251337519
2024-03-19,000001,8.97,8.84,8.98,8.83,1293216,1351069630.23,1.67,-1.56,-0.14,0.67,8.86,8.862,8.9465,,8.859116387406544,8.691152622600766,0.16796376480577813,0.20842426826789787,-0.04046050346211974,47.337278106508876,8.9465,9.301984843114587,8.591015156885414
2024-03-20,000001,8.82,8.89,8.91,8.81,872663,910278572.98,1.13,0.57,0.05,0.45,8.884,8.874,8.928999999999998,,8.863867712420921,8.705882057963672,0.15798565445724932,0.19833654550576815,-0.04035089104851883,45.7317073170732,8.928999999999998,9.257050060364657,8.60094993963534
2024-03-21,000001,8.89,8.91,8.96,8.86,864466,905422293.67,1.12,0.22,0.02,0.45,8.931999999999999,8.883,8.907499999999999,,8.870964987433087,8.721001905521918,0.14996308191116903,0.18866185278684833,-0.0386987708756793,49.35897435897437,8.907499999999999,9.172423027550094,8.642576972449904
2024-03-22,000001,8.89,8.8,8.89,8.75,1028142,1065535606.11,1.57,-1.23,-0.11,0.53,8.884,8.881,8.883,,8.860047297058767,8.726853616223998,0.13319368083476846,0.17756821839643236,-0.0443745375616639,50.993377483443744,8.883,9.081213069833007,8.684786930166991
2024-03-25,000001,8.79,8.84,8.93,8.76,953202,993304120.45,1.93,0.45,0.04,0.49,8.856,8.874,8.8765,,8.856963097511263,8.735234829837035,0.12172826767422862,0.1664002282519916,-0.04467196057776299,48.965517241379324,8.8765,9.071195443679269,8.681804556320731
2024-03-26,000001,8.89,9.04,9.1,8.86,1740021,1835376190.72,2.71,2.26,0.2,0.9,8.895999999999999,8.878,8.881499999999999,,8.88512262097107,8.757810027626883,0.1273125933441861,0.1585827012704305,-0.031270107926244406,58.70967741935484,8.881499999999999,9.087849218559201,8.675150781440797
2024-03-27,000001,9.0,8.97,9.07,8.95,1274136,1347397150.36,1.33,-0.77,-0.07,0.66,8.912,8.898,8.8835,,8.898180679283213,8.773527803358226,0.12465287592498697,0.1517967362013418,-0.02714386027635482,54.77707006369429,8.8835,9.092585729080817,8.674414270919183
2024-03-28,000001,8.95,8.93,9.01,8.82,1302189,1362980388.48,2.12,-0.45,-0.04,0.67,8.916,8.924000000000001,8.878499999999999,,8.903075959393487,8.785118336442801,0.11795762295068535,0.1450289135512105,-0.027071290600525155,53.41614906832298,8.878499999999999,9.077367848212386,8.679632151787612
2024-03-29,000001,8.89,8.96,9.01,8.87,872759,917332315.96,1.57,0.34,0.03,0.45,8.948,8.916,8.879999999999999,,8.911833504102182,8.798072533743333,0.11376097035884847,0.1387753249127381,-0.025014354553889645,51.61290322580648,8.879999999999999,9.080945135219578,8.67905486478042
2024-04-01,000001,8.96,9.08,9.09,8.95,1191088,1261770380.39,1.56,1.34,0.12,0.61,8.996,8.925999999999998,8.8955,,8.937705272701846,8.818956049762345,0.11874922293950085,0.13477010451809066,-0.016020881578589802,52.53164556962027,8.8955,9.108199442010486,8.682800557989514
2024-04-02,000001,9.07,8.99,9.12,8.97,1085458,1149700799.95,1.65,-0.99,-0.09,0.56,8.986,8.940999999999999,8.9015,8.371333333333332,8.945750615363101,8.831625972002172,0.11412464336092931,0.1306410122866584,-0.01651636892572908,57.638888888888935,8.9015,9.117908483149206,8.685091516850795
2024-04-03,000001,8.97,8.9,8.99,8.86,981846,1028648883.43,1.45,-1.0,-0.09,0.51,8.972,8.942000000000002,8.908,8.392166666666666,8.938712059153394,8.836690714816827,0.10202134433656695,0.12491707869664011,-0.022895734360073153,58.04195804195808,8.908,9.115399944170912,8.700600055829087
2024-04-08,000001,8.86,8.87,8.93,8.81,906361,945290441.32,1.35,-0.34,-0.03,0.47,8.96,8.937999999999999,8.9105,8.412666666666667,8.928140973129794,8.83915806927484,0.088982903854955,0.1177302437283031,-0.0287473398733481,42.20183486238531,8.9105,9.114612971815,8.706387028185002
2024-04-09,000001,8.87,8.84,8.91,8.8,857157,891468991.01,1.24,-0.34,-0.03,0.44,8.936,8.942,8.9115,8.434166666666666,8.914580823417518,8.83922043451374,0.07536038890377839,0.10925627276339817,-0.03389588385961978,43.39622641509431,8.9115,9.113935174809104,8.709064825190897
2024-04-10,000001,8.82,8.72,8.85,8.71,1246391,1288696196.29,1.58,-1.36,-0.12,0.64,8.863999999999999,8.93,8.902000000000001,8.451,8.884645312122515,8.830389291216425,0.05425602090608983,0.09825622239193652,-0.044000201485846685,44.23076923076926,8.902000000000001,9.12181810662453,8.682181893375471
2024-04-11,000001,8.68,8.69,8.73,8.56,1010213,1030820137.39,1.95,-0.34,-0.03,0.52,8.804,8.895,8.886500000000002,8.469333333333333,8.854699879488281,8.819990084459652,0.03470979502862903,0.08554693691927502,-0.05083714189064599,40.19607843137247,8.886500000000002,9.12048380510759,8.652516194892414
2024-04-12,000001,8.66,8.5,8.71,8.48,1305454,1322011753.93,2.65,-2.19,-0.19,0.67,8.724,8.848,8.873000000000001,8.484,8.800130667259316,8.79628711524042,0.0038435520188961902,0.06920625993919925,-0.06536270792030306,32.77310924369745,8.873000000000001,9.160354539861375,8.585645460138627
2024-04-15,000001,8.51,8.73,8.76,8.5,1453203,1486326196.01,3.06,2.71,0.23,0.75,8.696,8.828,8.876000000000001,8.504,8.789341333834805,8.791376958555944,-0.002035624721138163,0.054957883007131766,-0.05699350772826993,47.32824427480915,8.876000000000001,9.155578630310528,8.596421369689475
2024-04-16,000001,8.72,8.72,8.83,8.66,1478036,1523138499.07,1.95,-0.11,-0.01,0.76,8.672,8.804,8.860000000000001,8.5225,8.778673436321759,8.786089776440688,-0.007416340118929554,0.042483038381919504,-0.04989937850084906,45.31250000000003,8.860000000000001,9.136671950911271,8.583328049088731
2024-04-17,000001,8.7,9.06,9.07,8.65,2232641,2337576586.88,4.82,3.9,0.34,1.15,8.74,8.802000000000001,8.864,8.546333333333333,8.821954446118411,8.806379422630267,0.015575023488144879,0.03710143540316458,-0.0215264119150197,50.70422535211273,8.864,9.15012842166448,8.577871578335522
2024-04-18,000001,9.02,9.24,9.47,9.0,3165914,3427338981.81,5.19,1.99,0.18,1.63,8.85,8.827,8.884,8.572833333333334,8.886269146715579,8.838499465398396,0.047769681317182844,0.039235084585968236,0.008534596731214608,58.82352941176468,8.884,9.215402124949504,8.552597875050497
2024-04-19,000001,9.15,9.13,9.26,9.1,1457675,1562376146.58,1.73,-1.19,-0.11,0.75,8.976,8.850000000000001,8.896,8.595333333333334,8.923766201067028,8.860092097591108,0.06367410347592006,0.044122888363958605,0.019551215111961458,56.25000000000003,8.896,9.245218676777919,8.546781323222083
2024-04-22,000001,9.08,8.94,9.25,8.89,2009818,2125722741.41,3.94,-2.08,-0.19,1.04,9.018,8.857000000000001,8.8975,8.6165,8.926263708595178,8.866011201473249,0.060252507121928645,0.04734881211555261,0.012903695006376031,49.431818181818144,8.8975,9.24722921856171,8.547770781438292
2024-04-23,000001,8.95,8.98,9.09,8.9,1240027,1308866093.13,2.13,0.45,0.04,0.64,9.070000000000002,8.871,8.9065,8.638833333333334,8.934530830349765,8.874454816178934,0.060076014170830305,0.04989425252660816,0.010181761644222145,47.02380952380954,8.9065,9.254926538357186,8.558073461642813
2024-04-24,000001,8.96,8.97,9.01,8.9,941568,989093538.21,1.22,-0.11,-0.01,0.49,9.052000000000001,8.896,8.913,8.6615,8.93998762568057,8.881532237202718,0.05845538847785292,0.05160647971685711,0.006848908760995809,49.375000000000014,8.913,9.261053232468212,8.564946767531788
2024-04-25,000001,8.94,9.05,9.06,8.92,1113812,1176304524.86,1.56,0.89,0.08,0.57,9.014,8.932,8.9135,8.686666666666667,8.956912606345098,8.894011330743258,0.06290127560184011,0.053865438893853715,0.009035836707986397,54.71698113207548,8.9135,9.26234923602278,8.564650763977221
2024-04-26,000001,9.03,9.04,9.11,8.92,1607628,1698581436.96,2.1,-0.11,-0.01,0.83,8.995999999999999,8.986,8.917,8.710666666666667,8.969695282292005,8.904825306243756,0.06486997604824829,0.05606634632473263,0.008803629723515657,55.41401273885349,8.917,9.269620266904175,8.564379733095825
2024-04-29,000001,9.0,9.25,9.34,8.96,2169177,2337350883.73,4.2,2.32,0.21,1.12,9.058,9.038,8.933,8.735333333333333,9.01281908501631,8.930393802077552,0.08242528293875928,0.06133813364753797,0.02108714929122131,61.714285714285694,8.933,9.31584805286032,8.55015194713968
2024-04-30,000001,9.24,9.23,9.32,9.17,1324557,1431407709.37,1.62,-0.22,-0.02,0.68,9.108,9.089,8.9465,8.756833333333333,9.046231533475341,8.952586853775511,0.09364467969983004,0.06779944285799638,0.025845236841833652,65.45454545454541,8.9465,9.351743266770898,8.541256733229103
2024-05-06,000001,9.4,9.33,9.55,9.28,1784101,1953817493.43,2.93,1.08,0.1,0.92,9.18,9.116,8.959,8.778,9.08988822063298,8.980543383125474,0.10934483750750701,0.07610852178789851,0.0332363157196085,68.60465116279069,8.959,9.395777674386059,8.52222232561394
2024-05-07,000001,9.31,9.32,9.33,9.2,1087057,1176786412.82,1.39,-0.11,-0.01,0.56,9.234,9.124,8.9755,8.797666666666666,9.12529003284329,9.005688317708772,0.11960171513451812,0.08480716045722243,0.03479455467729568,76.62337662337659,8.9755,9.441184555534265,8.509815444465735
2024-05-08,000001,9.28,9.17,9.32,9.15,1221791,1318611999.65,1.82,-1.61,-0.15,0.63,9.260000000000002,9.128,8.989,8.818166666666666,9.132168489328938,9.017859553434048,0.11430893589488988,0.09070751554475592,0.02360142035013396,65.06849315068489,8.989,9.461079386722623,8.516920613277378
2024-05-09,000001,9.15,9.2,9.26,9.15,1069461,1150726857.51,1.2,0.33,0.03,0.55,9.25,9.154,9.0055,8.839833333333333,9.142604106355256,9.03135143836486,0.11125266799039579,0.0948165460338839,0.016436121956511895,66.21621621621614,9.0055,9.483102565451967,8.527897434548033
2024-05-10,000001,9.21,9.38,9.4,9.2,1767836,1923452176.84,2.17,1.96,0.18,0.91,9.28,9.194,9.0325,8.865333333333332,9.17912655153137,9.057177257745241,0.12194929378612862,0.10024309558433285,0.02170619820179577,62.12121212121209,9.0325,9.531293280670548,8.533706719329453
2024-05-13,000001,9.34,9.41,9.45,9.25,1402499,1530058919.54,2.13,0.32,0.03,0.72,9.296000000000001,9.238,9.067000000000002,8.893666666666666,9.214645543603467,9.083312275690037,0.1313332679134298,0.10646113005015226,0.02487213786327755,57.26495726495724,9.067000000000002,9.570214927399691,8.563785072600313
2024-05-14,000001,9.44,9.35,9.5,9.32,1075784,1176577328.23,1.91,-0.64,-0.06,0.55,9.302,9.267999999999999,9.1,8.919166666666666,9.23546930612601,9.10306692193522,0.1324023841907902,0.11164938087827986,0.020753003312510343,59.82142857142848,9.1,9.585364757031654,8.614635242968346
2024-05-15,000001,9.34,9.27,9.36,9.25,868297,942907950.5,1.18,-0.86,-0.08,0.45,9.322,9.291,9.138499999999999,8.938333333333334,9.240781720568162,9.115432335125204,0.12534938544295748,0.1143893817912154,0.010960003651742087,66.33663366336629,9.138499999999999,9.538040525577719,8.738959474422279
2024-05-16,000001,9.29,9.61,9.65,9.27,3076292,3410151917.15,4.1,3.67,0.34,1.59,9.404,9.327000000000002,9.182500000000001,8.964333333333332,9.297584532788445,9.152066976967783,0.14551755582066228,0.12061501659710477,0.024902539223557507,74.04580152671747,9.182500000000001,9.586421566122578,8.778578433877424
2024-05-17,000001,9.62,9.86,9.86,9.57,2841749,3200736554.36,3.02,2.6,0.25,1.46,9.5,9.39,9.2395,8.993500000000001,9.38410998928253,9.204506460155354,0.17960352912717603,0.13241271910311903,0.047190810024057006,78.70967741935475,9.2395,9.687911230433526,8.791088769566473
2024-05-20,000001,9.87,9.82,9.97,9.75,2170210,2475290152.11,2.23,-0.41,-0.04,1.12,9.582,9.439,9.2775,9.019666666666668,9.451169990931371,9.25009857421792,0.2010714167134502,0.14614445862518527,0.05492695808826492,75.49668874172181,9.2775,9.786570360145733,8.768429639854267
2024-05-21,000001,9.76,9.99,10.06,9.75,2030049,2336192874.97,3.16,1.73,0.17,1.05,9.709999999999999,9.506,9.315,9.048499999999999,9.534066915403468,9.304906087238816,0.22916082816465178,0.16274773253307856,0.06641309563157322,78.44311377245512,9.315,9.914842084482027,8.715157915517972
2024-05-22,000001,10.0,10.0,10.18,9.9,2115531,2458448969.66,2.8,0.1,0.01,1.09,9.856,9.588999999999999,9.3585,9.061166666666669,9.605748928418318,9.356394525221125,0.24935440319719326,0.1800690666659015,0.06928533653129176,75.51020408163268,9.3585,10.024399470838585,8.692600529161414
2024-05-23,000001,9.97,9.84,10.03,9.81,1841623,2110799281.76,2.2,-1.6,-0.16,0.95,9.902,9.653,9.4035,9.069500000000001,9.641787554815501,9.392217152982523,0.24957040183297785,0.1939693336993168,0.05560106813366106,68.94409937888199,9.4035,10.071955407322651,8.735044592677347
2024-05-24,000001,9.81,9.75,9.93,9.74,1398276,1593330336.42,1.93,-0.91,-0.09,0.72,9.879999999999999,9.69,9.442,9.077166666666669,9.658435623305424,9.418719586094928,0.2397160372104956,0.20311867440155257,0.036597362808943046,63.125,9.442,10.09630075170685,8.78769924829315
2024-05-27,000001,9.75,9.95,9.97,9.75,1454361,1663272117.57,2.26,2.05,0.2,0.75,9.906,9.744,9.491,9.0935,9.703291681258435,9.458073690828638,0.24521799042979708,0.21153853760720148,0.0336794528225956,67.59776536312847,9.491,10.143247934777097,8.838752065222902
2024-05-28,000001,9.94,9.84,10.02,9.8,1204323,1377107203.91,2.21,-1.11,-0.11,0.62,9.876000000000001,9.793000000000001,9.5305,9.1085,9.724323730295598,9.486364528545035,0.23795920175056295,0.2168226704358738,0.02113653131468915,69.14285714285717,9.5305,10.165761239259247,8.895238760740753
2024-05-29,000001,9.82,9.7,9.89,9.67,1444811,1635445613.13,2.24,-1.42,-0.14,0.74,9.815999999999999,9.835999999999999,9.563500000000001,9.121333333333332,9.720581617942429,9.50218937828244,0.21839223965998933,0.21713658428069693,0.0012556553792923975,63.44086021505377,9.563500000000001,10.15878940330241,8.968210596697592
2024-05-30,000001,9.68,9.56,9.78,9.5,1325496,1481608711.02,2.89,-1.44,-0.14,0.68,9.76,9.831,9.579,9.130166666666668,9.695876753643592,9.506471646557815,0.1894051070857774,0.21159028884171305,-0.022185181755935646,54.94505494505495,9.579,10.155775063334172,9.00222493666583
2024-05-31,000001,9.58,9.55,9.63,9.55,826707,921248145.59,0.84,-0.1,-0.01,0.43,9.72,9.8,9.594999999999999,9.1405,9.673434176159963,9.509695969035013,0.16373820712495046,0.20201987249836054,-0.03828166537341007,53.888888888888914,9.594999999999999,10.148286829582448,9.04171317041755
2024-06-03,000001,9.56,9.42,9.57,9.35,1326697,1456086023.62,2.3,-1.36,-0.13,0.68,9.614,9.76,9.5995,9.151333333333334,9.634444302904585,9.503051823180568,0.1313924797240169,0.18789439394349183,-0.056501914219474925,51.87165775401071,9.5995,10.145122773100832,9.05387722689917
2024-06-04,000001,9.39,9.46,9.49,9.35,981005,1079356560.61,1.49,0.42,0.04,0.51,9.538,9.706999999999999,9.6065,9.161166666666666,9.60760671784234,9.499862799241267,0.10774391860107357,0.17186429887500818,-0.0641203802739346,55.19125683060114,9.6065,10.140492903560109,9.072507096439892
2024-06-05,000001,9.48,9.31,9.51,9.31,1018968,1114155998.81,2.11,-1.59,-0.15,0.53,9.459999999999999,9.638,9.613499999999998,9.170166666666667,9.561821068943518,9.485798888186359,0.07602218075715861,0.15269587525143827,-0.07667369449427966,40.853658536585385,9.613499999999998,10.12666458835033,9.100335411649667
2024-06-06,000001,9.34,9.34,9.42,9.32,1049332,1145989425.79,1.07,0.32,0.03,0.54,9.416,9.588000000000001,9.6205,9.178833333333333,9.527694750644514,9.474998970542924,0.05269578010159037,0.13269585622146868,-0.0800000761198783,31.690140845070417,9.6205,10.113331774436936,9.127668225563063
2024-06-07,000001,9.36,9.43,9.45,9.33,1170126,1281662985.8,1.28,0.96,0.09,0.6,9.392,9.556000000000001,9.623000000000001,9.189,9.512664789006896,9.47166571346567,0.04099907554122595,0.11435650008542014,-0.0733574245441942,36.734693877551,9.623000000000001,10.111180294563313,9.134819705436689
2024-06-11,000001,9.42,9.31,9.46,9.23,1337629,1452841956.89,2.44,-1.27,-0.12,0.69,9.370000000000001,9.492,9.618,9.195666666666666,9.481485590698142,9.459690475431177,0.02179511526696487,0.09584422312172909,-0.07404910785476422,26.056338028168994,9.618,10.117287913986063,9.118712086013938
2024-06-12,000001,9.29,9.32,9.35,9.22,957426,1037927497.39,1.4,0.11,0.01,0.49,9.341999999999999,9.440000000000001,9.616499999999998,9.200999999999999,9.45664165366766,9.449343032806645,0.007298620861014626,0.0781351026695862,-0.07083648180857158,26.056338028168994,9.616499999999998,10.119345586845949,9.113654413154048
2024-06-13,000001,9.33,9.24,9.37,9.24,1203508,1304403407.05,1.39,-0.86,-0.08,0.62,9.328,9.394000000000002,9.615,9.208833333333333,9.423312168488021,9.433836141487635,-0.010523972999614273,0.060403287535746114,-0.07092726053536039,27.61194029850745,9.615,10.122356409554182,9.107643590445818
2024-06-14,000001,9.31,9.34,9.39,9.15,1637990,1657433954.94,2.6,1.08,0.1,0.84,9.328,9.372000000000002,9.6015,9.22,9.410494911797556,9.426885316192255,-0.01639040439469852,0.04504454914965719,-0.061434953544355714,34.81481481481478,9.6015,10.123571783731265,9.079428216268735
2024-06-17,000001,9.29,9.26,9.32,9.24,681217,688669914.12,0.86,-0.86,-0.08,0.35,9.294,9.343,9.5715,9.223666666666668,9.387341848444086,9.414523440918755,-0.027181592474669003,0.030599320824791953,-0.05778091329946096,21.95121951219511,9.5715,10.09994458953655,9.04305541046345
2024-06-18,000001,9.27,9.24,9.32,9.2,700653,707829471.51,1.3,-0.22,-0.02,0.36,9.28,9.325,9.5425,9.228000000000002,9.364673871760381,9.401595778628478,-0.0369219068680966,0.01709507528621424,-0.05401698215431084,23.68421052631578,9.5425,10.077146956805125,9.007853043194876
2024-06-19,000001,9.26,9.31,9.37,9.24,796184,807676192.22,1.41,0.76,0.07,0.41,9.278,9.309999999999999,9.508500000000002,9.235833333333334,9.356262506874168,9.39481090613748,-0.038548399263310884,0.005966380376309217,-0.0445147796396201,31.77570093457946,9.508500000000002,10.008701012225597,9.008298987774406
2024-06-20,000001,9.32,9.21,9.33,9.21,629628,635070262.4,1.29,-1.07,-0.1,0.32,9.272,9.3,9.469,9.241166666666667,9.33376058273968,9.381121209386555,-0.04736062664687424,-0.004699021028327474,-0.04266160561854676,33.00970873786409,9.469,9.928926767625978,9.009073232374021
2024-06-21,000001,9.21,9.16,9.25,9.11,830545,831176895.42,1.52,-0.54,-0.05,0.43,9.236,9.282,9.435,9.245333333333333,9.307028185395113,9.364741860543107,-0.05771367514799408,-0.015301951852260796,-0.042411723295733283,31.77570093457942,9.435,9.87973528495516,8.990264715044841
2024-06-24,000001,9.13,9.14,9.23,9.04,947082,944907465.65,2.07,-0.22,-0.02,0.49,9.212,9.253,9.4045,9.251,9.281331541488173,9.348094315317692,-0.06676277382951845,-0.02559411624771233,-0.04116865758180612,35.416666666666686,9.4045,9.841883367912242,8.967116632087759
2024-06-25,000001,9.15,9.24,9.29,9.14,769993,775332071.89,1.64,1.09,0.1,0.4,9.212,9.246,9.369,9.257666666666667,9.274972842797684,9.340087328997862,-0.06511448620017823,-0.033498190238205515,-0.03161629596197272,39.21568627450975,9.369,9.72823310127628,9.00976689872372
2024-06-26,000001,9.22,9.24,9.29,9.18,628599,633763882.09,1.19,0.0,0.0,0.32,9.197999999999999,9.238000000000001,9.339000000000002,9.261,9.269592405444193,9.332673452775799,-0.06308104733160569,-0.03941476165688555,-0.023666285674720136,45.97701149425284,9.339000000000002,9.625459329344265,9.05254067065574
2024-06-27,000001,9.22,9.29,9.37,9.16,928882,938954397.5,2.27,0.54,0.05,0.48,9.214000000000002,9.243,9.3185,9.266333333333332,9.272732035375855,9.329512456273887,-0.0567804208980327,-0.04288789350511498,-0.013892527392917721,47.19101123595501,9.3185,9.54949555703166,9.08750444296834
2024-06-28,000001,9.26,9.31,9.42,9.25,918090,933947813.42,1.83,0.22,0.02,0.47,9.244,9.239999999999998,9.306000000000001,9.272666666666668,9.278465568394953,9.32806708914249,-0.049601520747536654,-0.044230618953599324,-0.00537090179393733,42.682926829268325,9.306000000000001,9.507091757008558,9.104908242991444
2024-07-01,000001,9.25,9.51,9.51,9.2,1343051,1372549619.58,3.33,2.15,0.2,0.69,9.318000000000001,9.265,9.304,9.281833333333333,9.314086250180345,9.341543601057861,-0.02745735087751555,-0.04087596533838257,0.01341861446086702,61.11111111111109,9.304,9.49543777331702,9.11256222668298
2024-07-02,000001,9.46,9.56,9.64,9.44,1384386,1440864390.61,2.1,0.53,0.05,0.71,9.382,9.297,9.311,9.289833333333332,9.351919134767984,9.357725556535057,-0.005806421767072578,-0.033862056624120576,0.028055634857047998,62.765957446808535,9.311,9.528729914778424,9.093270085221576
2024-07-03,000001,9.56,9.47,9.59,9.45,713067,737326421.16,1.46,-0.94,-0.09,0.37,9.428,9.312999999999999,9.311499999999999,9.297833333333333,9.370085421726756,9.366042181976905,0.004043239749851324,-0.026280997349326197,0.03032423709917752,62.10526315789477,9.311499999999999,9.530711505652583,9.092288494347414
2024-07-04,000001,9.46,9.42,9.54,9.41,735044,757464386.79,1.37,-0.53,-0.05,0.38,9.453999999999999,9.334,9.317,9.306500000000002,9.377764587614948,9.370039057386023,0.0077255302289245265,-0.019479691833676056,0.027205222062600582,54.44444444444445,9.317,9.541508820597905,9.092491179402096
2024-07-05,000001,9.42,9.13,9.45,9.08,1713354,1721256576.49,3.93,-3.08,-0.29,0.88,9.418000000000001,9.331,9.306500000000002,9.310833333333335,9.33964695875111,9.35225838646854,-0.01261142771742918,-0.01810603901042668,0.005494611292997501,44.14414414414419,9.306500000000002,9.545645408309959,9.067354591690044
2024-07-08,000001,9.1,9.09,9.18,9.01,868660,864791776.33,1.86,-0.44,-0.04,0.45,9.334,9.326,9.2895,9.315,9.301239734327863,9.332831839322722,-0.03159210499485887,-0.02080325220731312,-0.010788852787545752,43.36283185840706,9.2895,9.53976091647666,9.039239083523341
2024-07-09,000001,9.1,9.23,9.26,9.07,1032485,1034316510.76,2.09,1.54,0.14,0.53,9.268,9.325,9.2855,9.3235,9.2902797752005,9.325214666039557,-0.03493489083905743,-0.023629579933661986,-0.011305310905395445,46.666666666666664,9.2855,9.536935876517152,9.03406412348285
2024-07-10,000001,9.23,9.3,9.36,9.21,873865,886626727.3,1.63,0.76,0.07,0.45,9.234,9.331,9.2845,9.333666666666668,9.291775194400422,9.32334691299959,-0.0315717185991673,-0.02521800766676305,-0.006353710932404246,53.84615384615383,9.2845,9.53551687928137,9.033483120718628
2024-07-11,000001,9.37,9.29,9.39,9.23,721392,731789332.33,1.72,-0.11,-0.01,0.37,9.208000000000002,9.331,9.287,9.346833333333334,9.291502087569588,9.320876771295916,-0.029374683726327788,-0.026049342878676,-0.0033253408476517886,55.752212389380475,9.287,9.537145220979525,9.036854779020477
2024-07-12,000001,9.28,9.47,9.47,9.28,1214164,1246877665.6,2.05,1.94,0.18,0.63,9.276,9.347000000000001,9.2935,9.359166666666669,9.318963304866575,9.331922936385109,-0.012959631518533854,-0.02343140060664757,0.010471769088113717,62.79069767441857,9.2935,9.555899855583942,9.031100144416058
2024-07-15,000001,9.47,9.49,9.51,9.42,869412,896975833.16,0.95,0.21,0.02,0.45,9.356,9.345,9.305000000000001,9.372000000000002,9.34527664257941,9.343632348504729,0.0016442940746816959,-0.01841626167038172,0.020060555745063414,60.33057851239666,9.305000000000001,9.581024407768874,9.028975592231129
2024-07-16,000001,9.49,9.46,9.53,9.4,943008,971564894.83,1.37,-0.32,-0.03,0.49,9.402000000000001,9.334999999999999,9.315999999999999,9.378666666666668,9.362926389874886,9.352252174541416,0.010674215333470016,-0.012598166269611372,0.02327238160308139,58.87096774193549,9.315999999999999,9.598574629173562,9.033425370826436
2024-07-17,000001,9.46,9.56,9.58,9.44,1220168,1266412580.0,1.48,1.06,0.1,0.63,9.454,9.344,9.3285,9.384000000000002,9.393245406817211,9.367640902353163,0.025604504464048716,-0.004957632122879354,0.030562136586928072,60.46511627906979,9.3285,9.63134788608344,9.02565211391656
2024-07-18,000001,9.54,9.57,9.59,9.46,1087061,1127365070.67,1.36,0.1,0.01,0.56,9.510000000000002,9.359,9.3465,9.391333333333334,9.420438421153024,9.382630465141817,0.03780795601120701,0.003595485503937919,0.03421247050726909,60.15624999999997,9.3465,9.662213060930409,9.030786939069593
2024-07-19,000001,9.54,9.53,9.58,9.45,898723,929722661.62,1.36,-0.42,-0.04,0.46,9.522,9.399000000000001,9.364999999999998,9.401166666666667,9.437294048667944,9.393546726983164,0.043747321684779905,0.011625852740106316,0.03212146894467359,50.89285714285712,9.364999999999998,9.678049516849875,9.051950483150122
2024-07-22,000001,9.52,9.39,9.54,9.35,994481,1018663805.8,1.99,-1.47,-0.14,0.51,9.502,9.429,9.377500000000001,9.408,9.430018041180569,9.393284006465892,0.03673403471467651,0.016647489135020354,0.020086545579656157,42.97520661157027,9.377500000000001,9.672145192517416,9.082854807482587
2024-07-23,000001,9.41,9.34,9.49,9.32,1020154,1046994471.4,1.81,-0.53,-0.05,0.53,9.478,9.440000000000001,9.3825,9.414166666666665,9.416169111768173,9.389337043023973,0.0268320687442003,0.018684405056856344,0.008147663687343955,44.44444444444443,9.3825,9.67064287391746,9.09435712608254
2024-07-24,000001,9.34,9.29,9.4,9.28,724518,736332832.11,1.28,-0.54,-0.05,0.37,9.424000000000001,9.439,9.385000000000002,9.418166666666668,9.396758479188454,9.381978743540715,0.014779735647739045,0.017903471175032885,-0.0031237355272938395,44.44444444444443,9.385000000000002,9.66877159087797,9.101228409122033
2024-07-25,000001,9.28,9.25,9.31,9.16,856404,861750365.54,1.61,-0.43,-0.04,0.44,9.36,9.434999999999999,9.383,9.421666666666669,9.374180251621,9.372202540315477,0.0019777113055230444,0.014718319201130918,-0.012740607895607874,56.52173913043471,9.383,9.670134664903792,9.095865335096207
2024-07-26,000001,9.26,9.19,9.28,9.13,929552,931879546.46,1.62,-0.65,-0.06,0.48,9.292,9.407,9.376999999999999,9.420666666666667,9.345844828294693,9.358706055847664,-0.012861227552971144,0.009202409850310506,-0.022063637403281648,55.31914893617018,9.376999999999999,9.675353375784562,9.078646624215436
2024-07-29,000001,9.18,9.27,9.3,9.13,781552,788019058.61,1.85,0.87,0.08,0.4,9.267999999999999,9.385,9.365,9.421333333333333,9.334176393172433,9.352135236895986,-0.017958843723553386,0.003770159135537728,-0.021729002859091115,52.272727272727224,9.365,9.660118174367568,9.069881825632432
2024-07-30,000001,9.26,9.24,9.29,9.19,613268,618056610.32,1.08,-0.32,-0.03,0.32,9.248000000000001,9.363,9.349,9.419833333333333,9.31968771729975,9.34382892305184,-0.024141205752089334,-0.0018121138419876842,-0.02232909191010165,46.4285714285714,9.349,9.634133394451652,9.063866605548348
2024-07-31,000001,9.24,9.43,9.44,9.23,1096906,1117768674.7,2.27,2.06,0.19,0.57,9.276,9.35,9.347,9.421666666666669,9.336658837715174,9.350211965788741,-0.013553128073567677,-0.004160316688303683,-0.009392811385263995,56.86274509803924,9.347,9.629104870384541,9.064895129615458
2024-08-01,000001,9.41,9.43,9.48,9.33,733884,752688220.0,1.59,0.0,0.0,0.38,9.312,9.336,9.3475,9.425999999999998,9.351019016528223,9.35612219054513,-0.00510317401690763,-0.004348888154024472,-0.0007542858628831577,47.619047619047564,9.3475,9.630184499602882,9.064815500397119
2024-08-02,000001,9.38,9.3,9.41,9.29,590229,601173370.84,1.27,-1.38,-0.13,0.3,9.334,9.312999999999999,9.356,9.427666666666669,9.343169937062342,9.351964991245492,-0.008795054183149631,-0.0052381213598495045,-0.0035569328233001265,40.0,9.356,9.620805787820244,9.091194212179756
2024-08-05,000001,9.27,9.21,9.38,9.21,758979,768980624.53,1.83,-0.97,-0.09,0.39,9.322,9.294999999999998,9.362,9.424833333333334,9.322682254437366,9.341449065968048,-0.018766811530682048,-0.007943859394016014,-0.010822952136666035,37.6237623762376,9.362,9.606053488528845,9.117946511471155
2024-08-06,000001,9.23,9.09,9.28,9.05,1265537,1261997756.88,2.5,-1.3,-0.12,0.65,9.292,9.27,9.355,9.4195,9.286884984523924,9.322823209229675,-0.0359382247057507,-0.013542732456362953,-0.022395492249387746,27.184466019417442,9.355,9.621951602157917,9.088048397842083
2024-08-07,000001,9.11,9.09,9.14,9.07,517608,514848813.1,0.77,0.0,0.0,0.27,9.224,9.25,9.3445,9.415166666666668,9.256594986904858,9.305577045583034,-0.04898205867817573,-0.020630597700725513,-0.02835146097745022,26.470588235294088,9.3445,9.635955512539077,9.053044487460923
2024-08-08,000001,9.08,9.1,9.14,9.06,500411,497548149.01,0.88,0.11,0.01,0.26,9.158,9.235,9.334999999999999,9.412333333333333,9.232503450457957,9.290349116280586,-0.0578456658226294,-0.02807361132510629,-0.02977205449752311,28.282828282828262,9.334999999999999,9.645686845214625,9.024313154785373
2024-08-09,000001,9.12,9.2,9.26,9.1,730274,732886455.92,1.76,1.1,0.1,0.38,9.138,9.236,9.3215,9.4055,9.22750291961827,9.283656589148691,-0.05615366953042056,-0.03368962296616915,-0.02246404656425141,39.99999999999992,9.3215,9.630949426188458,9.012050573811543
2024-08-12,000001,9.18,9.17,9.21,9.14,353013,353251351.4,0.76,-0.33,-0.03,0.18,9.13,9.226,9.305499999999999,9.394000000000002,9.218656316600075,9.275237582545085,-0.05658126594500956,-0.03826795156193723,-0.018313314383072335,40.860215053763426,9.305499999999999,9.611336213476477,8.99966378652352
2024-08-13,000001,9.18,9.11,9.19,9.08,622077,620061491.92,1.2,-0.65,-0.06,0.32,9.134,9.213,9.288,9.382166666666667,9.201939960200063,9.26299776161582,-0.061057801415756785,-0.04282592153270114,-0.018231879883055642,40.42553191489361,9.288,9.596654124257233,8.979345875742768
2024-08-14,000001,9.1,9.08,9.14,9.07,436380,433380446.81,0.77,-0.33,-0.03,0.22,9.132,9.178,9.264,9.366999999999999,9.18317996632313,9.249442371866499,-0.06626240554336782,-0.04751321833483448,-0.018749187208533337,40.860215053763426,9.264,9.557895792487837,8.970104207512161
2024-08-15,000001,9.08,9.19,9.22,9.03,776247,775851460.98,2.09,1.21,0.11,0.4,9.15,9.154,9.245000000000001,9.3535,9.184229202273418,9.24503923320972,-0.06081003093630244,-0.050172580855128074,-0.010637450081174366,50.0,9.245000000000001,9.502477643382985,8.987522356617017
2024-08-16,000001,9.24,9.29,9.37,9.21,1260368,1277042000.97,1.74,1.09,0.1,0.65,9.168,9.153,9.233,9.344333333333333,9.200501632692891,9.248369660379371,-0.04786802768648002,-0.04971167022139847,0.0018436425349184493,50.99999999999999,9.233,9.454392720842526,9.011607279157476
2024-08-19,000001,9.29,9.45,9.46,9.28,1482985,1520594687.55,1.94,1.72,0.16,0.76,9.224,9.176999999999998,9.236,9.339333333333332,9.238885996893984,9.26330524109201,-0.024419244198025325,-0.04465318501672384,0.020233940818698518,59.29203539823007,9.236,9.467734875734166,9.004265124265835
2024-08-20,000001,9.48,9.5,9.59,9.44,1569187,1623147686.36,1.59,0.53,0.05,0.81,9.302000000000001,9.218,9.244,9.331833333333332,9.279057381987219,9.280838186196306,-0.0017808042090869947,-0.03607870885519648,0.03429790464610948,53.53535353535356,9.244,9.50056844782826,8.98743155217174
2024-08-21,000001,9.46,9.51,9.54,9.37,1034888,1068207868.15,1.79,0.11,0.01,0.53,9.388,9.26,9.254999999999999,9.326333333333334,9.314587015527646,9.29781313536695,0.01677388016069692,-0.0255081910520178,0.04228207121271472,54.000000000000014,9.254999999999999,9.53743303817468,8.972566961825319
2024-08-22,000001,9.5,9.54,9.61,9.48,1109030,1153871815.8,1.37,0.32,0.03,0.57,9.458,9.304,9.269499999999999,9.323666666666668,9.349265936215701,9.315752903117547,0.033513033098154565,-0.013703946221983329,0.047216979320137895,63.333333333333265,9.269499999999999,9.57930299342774,8.959697006572258
2024-08-23,000001,9.55,9.63,9.66,9.48,1071906,1117475768.18,1.89,0.94,0.09,0.55,9.526,9.347,9.2915,9.324833333333334,9.392455792182517,9.33903046584958,0.05342532633293651,-0.00027809171099936296,0.05370341804393587,73.33333333333331,9.2915,9.637866097769622,8.945133902230376
2024-08-26,000001,9.66,9.65,9.71,9.58,740675,775921848.78,1.35,0.21,0.02,0.38,9.565999999999999,9.395,9.3105,9.326500000000001,9.432077978000592,9.36206524615702,0.0700127318435726,0.01378007299991503,0.056232658843657565,85.00000000000007,9.3105,9.691825941530542,8.929174058469457
2024-08-27,000001,9.63,9.59,9.68,9.53,723137,755583764.04,1.55,-0.62,-0.06,0.37,9.584,9.443,9.328,9.329333333333333,9.45637367369281,9.37894930199724,0.07742437169556915,0.026508932739045855,0.0509154389565233,79.06976744186048,9.328,9.727399549323659,8.92860045067634
2024-08-28,000001,9.57,9.49,9.59,9.44,942548,973872155.01,1.56,-1.04,-0.1,0.49,9.58,9.484,9.331,9.329833333333335,9.461546954663147,9.387175279627073,0.07437167503607434,0.03608148119845155,0.038290193837622784,70.52631578947373,9.331,9.7345056903009,8.9274943096991
2024-08-29,000001,9.47,9.29,9.54,9.27,1197676,1221351092.13,2.85,-2.11,-0.2,0.62,9.53,9.494,9.324,9.3295,9.4351551154842,9.379977110765807,0.055178004718392515,0.03990078590243974,0.015277218815952773,54.28571428571428,9.324,9.725124734504769,8.92287526549523
2024-08-30,000001,9.27,9.32,9.42,9.27,1294059,1318858687.52,1.61,0.32,0.03,0.67,9.468,9.497,9.325,9.329166666666667,9.417438943871247,9.375534361820192,0.04190458205105507,0.04030154513216281,0.001603036918892263,57.142857142857146,9.325,9.725972502010254,8.924027497989744
2024-09-02,000001,9.28,9.27,9.37,9.25,968836,983898750.95,1.29,-0.54,-0.05,0.5,9.392,9.479000000000001,9.328,9.326500000000001,9.394756029429516,9.367717001685364,0.027039027744152122,0.03764904165456068,-0.010610013910408556,57.69230769230768,9.328,9.726238225451134,8.929761774548865
2024-09-03,000001,9.27,9.24,9.29,9.16,916581,920884663.15,1.4,-0.32,-0.03,0.47,9.322,9.453,9.3355,9.325333333333333,9.370947409517282,9.358256483042004,0.01269092647527792,0.03265741861870413,-0.01996649214342621,57.69230769230768,9.3355,9.720288390239492,8.950711609760507
2024-09-04,000001,9.21,9.18,9.31,9.16,847992,852224669.89,1.62,-0.65,-0.06,0.44,9.26,9.42,9.34,9.323,9.34157088497616,9.345052299112966,-0.003481414136805583,0.025429652067602188,-0.02891106620440777,49.49494949494951,9.34,9.71467178619208,8.96532821380792
2024-09-05,000001,9.19,9.23,9.24,9.14,594209,595845842.53,1.09,0.54,0.05,0.31,9.248000000000001,9.389,9.3465,9.322833333333334,9.324406133441368,9.33652990658608,-0.012123773144711691,0.017918967025139412,-0.030042740169851104,46.80851063829796,9.3465,9.707916802685071,8.98508319731493
2024-09-06,000001,9.22,9.24,9.37,9.21,878865,891507833.61,1.73,0.11,0.01,0.45,9.232,9.35,9.348499999999998,9.321166666666667,9.311420574450388,9.329379543135259,-0.017958968684871124,0.010743379883137307,-0.02870234856800843,36.708860759493795,9.348499999999998,9.706933727266344,8.990066272733651
2024-09-09,000001,9.21,9.01,9.23,9.0,1639175,1624857668.46,2.49,-2.49,-0.23,0.84,9.180000000000001,9.286,9.3405,9.317,9.265048178381097,9.305721799199315,-0.040673620818218126,0.0004599797428662209,-0.041133600561084345,24.74226804123721,9.3405,9.722101886787712,8.958898113212289
2024-09-10,000001,9.02,9.06,9.08,8.94,767901,756124763.92,1.55,0.55,0.05,0.4,9.144,9.233,9.338,9.313999999999998,9.233502304784006,9.28752018444381,-0.054017879659804535,-0.01043559213766793,-0.04358228752213661,27.722772277227875,9.338,9.726551967668275,8.949448032331723
2024-09-11,000001,9.04,8.81,9.04,8.79,1108727,1078602467.68,2.76,-2.76,-0.25,0.57,9.07,9.165,9.3245,9.305666666666667,9.168348104048006,9.252148318929454,-0.08380021488144784,-0.025108516686423915,-0.05869169819502393,20.325203252032708,9.3245,9.765955725860113,8.883044274139888
2024-09-12,000001,8.81,8.9,8.93,8.77,581834,564923215.58,1.82,1.02,0.09,0.3,9.004,9.126000000000001,9.309999999999999,9.3005,9.127063780348312,9.226063258268013,-0.0989994779197012,-0.03988670893307937,-0.059112768986621836,20.32520325203261,9.309999999999999,9.7876257067929,8.832374293207097
2024-09-13,000001,8.89,8.86,8.98,8.86,566462,553269703.6,1.35,-0.45,-0.04,0.29,8.928,9.08,9.2885,9.2955,9.085977044910111,9.198947461359273,-0.11297041644916206,-0.05450345043629591,-0.05846696601286615,18.40000000000009,9.2885,9.806889205540585,8.770110794459416
2024-09-18,000001,8.88,8.93,8.94,8.82,443611,431665627.32,1.35,0.79,0.07,0.23,8.912,9.046000000000001,9.2625,9.292,9.061980576462402,9.179025427184511,-0.11704485072210957,-0.06701173049345865,-0.05003312022865092,23.80952380952391,9.2625,9.798641183291306,8.726358816708693
2024-09-19,000001,8.95,8.97,9.0,8.84,684293,669341181.7,1.79,0.45,0.04,0.35,8.894,9.019000000000002,9.236,9.2875,9.04782971854511,9.163542062207881,-0.11571234366277139,-0.0767518531273212,-0.038960490535450185,28.333333333333456,9.236,9.775098662974603,8.696901337025398
2024-09-20,000001,8.97,9.06,9.06,8.94,797297,785121198.91,1.34,1.0,0.09,0.41,8.943999999999999,9.007,9.2135,9.284500000000001,9.04970206953817,9.155872279822113,-0.10617021028394191,-0.08263552455864535,-0.02353468572529656,39.44954128440378,9.2135,9.741904749171809,8.68509525082819
2024-09-23,000001,9.05,9.2,9.25,9.03,896908,897428029.52,2.43,1.55,0.14,0.46,9.004,9.004,9.1965,9.283,9.07282482807076,9.15914099983529,-0.08631617176453155,-0.0833716539998226,-0.0029445177647089427,44.99999999999997,9.1965,9.70205961697484,8.690940383025161
2024-09-24,000001,9.27,9.53,9.53,9.24,1638213,1678174481.91,3.15,3.59,0.33,0.84,9.138,9.033,9.191500000000001,9.286666666666667,9.143159469906028,9.18661203688453,-0.04345256697850175,-0.07538783659555844,0.031935269617056686,58.78378378378377,9.191500000000001,9.680721723492324,8.702278276507679
2024-09-25,000001,9.68,9.66,9.86,9.61,2160694,2285995369.39,2.62,1.36,0.13,1.11,9.284,9.097999999999999,9.192,9.289166666666667,9.222673397612793,9.22167781193012,0.0009955856826735499,-0.06011115213991204,0.06110673782258559,63.2911392405063,9.192,9.683211177654364,8.700788822345636
2024-09-26,000001,9.66,10.31,10.31,9.66,3086457,3341759455.52,6.73,6.73,0.65,1.59,9.552,9.222999999999999,9.228,9.301666666666668,9.389954413364672,9.302294270305666,0.08766014305900605,-0.030556893100128425,0.11821703615913447,76.03686635944698,9.228,9.910367396024933,8.545632603975067
2024-09-27,000001,10.51,10.58,10.72,10.19,3840016,4337985142.5,5.14,2.62,0.27,1.98,9.856,9.4,9.2825,9.320166666666667,9.573038349770107,9.396939139171913,0.17609921059819378,0.010774327639536018,0.16532488295865777,78.24267782426774,9.2825,10.189963207895591,8.37503679210441
2024-09-30,000001,10.78,11.37,11.46,10.72,5430284,6467438837.7,6.99,7.47,0.79,2.8,10.290000000000001,9.647,9.386500000000002,9.352666666666666,9.849493988267012,9.543091795529548,0.3064021927374636,0.06989990065912154,0.23650229207834206,83.59621451104098,9.386500000000002,10.688551417854448,8.084448582145555
2024-10-08,000001,12.59,12.04,12.59,11.5,5888978,7602664023.92,9.59,5.89,0.67,3.03,10.791999999999998,9.965,9.5225,9.401166666666665,10.18649491314901,9.728047958823657,0.4584469543253533,0.14760931139236788,0.31083764293298544,91.96675900277006,9.5225,11.28285732018723,7.762142679812773
2024-10-09,000001,11.79,10.84,11.79,10.82,4269345,5172049702.23,8.06,-9.97,-1.2,2.2,11.028,10.155999999999999,9.601,9.430333333333333,10.287034157279932,9.810414776688573,0.4766193805913588,0.21341132523216605,0.2632080553591927,68.69747899159663,9.601,11.45165450726576,7.750345492734242
2024-10-10,000001,11.02,11.38,11.66,11.0,3426422,4095573500.64,6.09,4.98,0.54,1.77,11.242,10.397,9.708,9.466166666666668,10.455182748467635,9.926680348785716,0.5285023996819191,0.2764295401221167,0.25207285955980246,75.44554455445544,9.708,11.71188674961013,7.704113250389869
2024-10-11,000001,11.4,11.12,11.57,10.98,2070891,2455848197.41,5.18,-2.28,-0.26,1.07,11.35,10.602999999999998,9.805000000000001,9.4965,10.55746232562646,10.015074397023811,0.5423879286026487,0.3296212178182231,0.2127667107844256,71.26436781609193,9.805000000000001,11.887543990816065,7.722456009183938
2024-10-14,000001,11.38,11.42,11.58,11.19,2400595,2881934271.85,3.51,2.7,0.3,1.24,11.36,10.825,9.9145,9.532,10.690160429376235,10.119142960207233,0.5710174691690018,0.37790046808837885,0.1931170010806229,73.35766423357664,9.9145,12.09761679654761,7.73138320345239
2024-10-15,000001,11.34,11.3,11.63,11.28,2072841,2500974426.85,3.06,-1.05,-0.12,1.07,11.212,11.001999999999999,10.017500000000002,9.5625,10.783981901779892,10.206613852043734,0.5773680497361582,0.41779398441793475,0.15957406531822343,71.42857142857143,10.017500000000002,12.260194572911857,7.774805427088147
2024-10-16,000001,11.2,11.46,11.58,11.17,1914494,2301340929.27,3.63,1.42,0.16,0.99,11.336,11.182,10.139999999999999,9.595333333333333,10.887984686121447,10.299457270410864,0.5885274157105833,0.4519406706764645,0.13658674503411883,72.0353982300885,10.139999999999999,12.418346584234847,7.861653415765152
2024-10-17,000001,11.47,11.35,11.63,11.33,1653708,1993261646.25,2.62,-0.96,-0.11,0.85,11.33,11.286,10.2545,9.626833333333334,10.959063965179684,10.377275250380428,0.5817887147992558,0.4779102795010227,0.10387843529823304,70.19400352733685,10.2545,12.534485918700714,7.974514081299287
2024-10-18,000001,11.31,11.44,11.58,11.08,2604654,3105820972.95,4.41,0.79,0.09,1.34,11.394,11.372,10.386,9.658166666666666,11.03305412438281,10.455995602204101,0.5770585221787083,0.49773992803655986,0.07931859414214848,69.92882562277579,10.386,12.618066778853848,8.15393322114615
2024-10-21,000001,11.34,11.21,11.34,11.03,2806655,3302020181.42,2.71,-2.01,-0.23,1.45,11.352,11.356,10.501499999999998,9.6855,11.060276566785454,10.511847779818613,0.5484287869668414,0.5078776998226162,0.04055108714422517,65.21739130434783,10.501499999999998,12.647196059312034,8.355803940687963
2024-10-22,000001,11.16,11.19,11.33,11.12,1617787,1908438724.93,1.87,-0.18,-0.02,0.83,11.330000000000002,11.271,10.618,9.713166666666666,11.08023401804923,10.562081277609826,0.5181527404394046,0.5099327079459739,0.008220032493430729,64.14048059149722,10.618,12.637750896573722,8.598249103426278
2024-10-23,000001,11.22,11.26,11.29,11.15,1511866,1787236762.42,1.25,0.63,0.07,0.78,11.290000000000001,11.313,10.7345,9.744333333333334,11.107890322964733,10.613778960749839,0.4941113622148947,0.5067684387997581,-0.01265707658486337,59.83436853002069,10.7345,12.607774363809286,8.861225636190715
2024-10-24,000001,11.21,11.15,11.26,11.12,885299,1042818619.09,1.24,-0.98,-0.11,0.46,11.25,11.29,10.8435,9.7745,11.114368734816313,10.653499037731333,0.4608696970849806,0.49758869045680265,-0.03671899337182205,56.10278372591007,10.8435,12.528733390052304,9.158266609947697
2024-10-25,000001,11.17,11.11,11.18,11.09,1105755,1296844369.04,0.81,-0.36,-0.04,0.57,11.184000000000001,11.289,10.946,9.804833333333333,11.11369662176765,10.68731392382531,0.4263826979423406,0.4833474919539103,-0.056964794011569675,46.683673469387756,10.946,12.409239376754199,9.4827606232458
2024-10-28,000001,11.08,11.04,11.08,10.93,1169487,1356008963.4,1.35,-0.63,-0.07,0.6,11.15,11.251000000000001,11.038,9.834666666666665,11.102358679957241,10.713438818356767,0.3889198616004741,0.4644619658832231,-0.07554210428274899,34.93975903614459,11.038,12.24857793940259,9.82742206059741
2024-10-29,000001,11.02,10.94,11.14,10.93,1198025,1391150258.93,1.9,-0.91,-0.1,0.62,11.1,11.215,11.1085,9.863833333333334,11.077380421502282,10.730221128108118,0.3471592933941636,0.4410014313854112,-0.09384213799124758,52.252252252252234,11.1085,12.092290200141539,10.12470979985846
2024-10-30,000001,10.9,10.72,10.98,10.67,1482403,1686501657.86,2.83,-2.01,-0.22,0.76,10.991999999999999,11.141,11.1615,9.888000000000002,11.022398818194239,10.729464007507516,0.292934810686722,0.41138810724567343,-0.11845329655895143,32.63157894736844,11.1615,11.900468698147558,10.422531301852443
2024-10-31,000001,10.73,10.78,10.84,10.64,1250205,1419624319.27,1.87,0.56,0.06,0.64,10.918,11.084,11.184999999999999,9.913666666666668,10.985106692318201,10.733207414358812,0.2518992779593887,0.37949034138841653,-0.12759106342902782,39.99999999999999,11.184999999999999,11.834420794570702,10.535579205429295
2024-11-01,000001,10.78,10.83,10.95,10.74,1589811,1821423447.06,1.95,0.46,0.05,0.82,10.862,11.023,11.1975,9.937000000000001,10.961244124269248,10.740377235517418,0.22086688875183036,0.3477656508610993,-0.12689876210926893,29.655172413793096,11.1975,11.80623898995754,10.58876101004246
2024-11-04,000001,10.83,10.86,10.86,10.66,1131516,1285874126.16,1.85,0.28,0.03,0.58,10.825999999999999,10.988,11.172,9.960833333333333,10.945668105150903,10.749238181034645,0.19642992411625748,0.31749850551213094,-0.12106858139587345,33.82352941176465,11.172,11.79291952186364,10.551080478136361
2024-11-05,000001,10.82,11.05,11.06,10.79,1665418,1925260700.35,2.49,1.75,0.19,0.86,10.848,10.974,11.122499999999999,9.99,10.961719165896916,10.771516834291338,0.19020233160557787,0.2920392707308203,-0.10183693912524244,35.25179856115108,11.122499999999999,11.591266578653972,10.653733421346026
2024-11-06,000001,11.02,10.95,11.04,10.87,1462286,1689977500.77,1.54,-0.9,-0.1,0.75,10.894,10.943,11.128,10.019,10.95991621729739,10.784737809529018,0.17517840776837268,0.2686670981383308,-0.0934886903699581,35.50724637681158,11.128,11.58525036329853,10.670749636701471
2024-11-07,000001,10.9,11.31,11.33,10.88,2242844,2627007560.71,4.11,3.29,0.36,1.16,11.0,10.959,11.1245,10.056000000000001,11.0137752607901,10.823646119934276,0.19012914085582366,0.25295950668182937,-0.06283036582600571,46.0606060606061,11.1245,11.574645005876533,10.674354994123465
2024-11-08,000001,11.34,11.12,11.41,11.1,1895104,2239060533.97,2.74,-1.68,-0.19,0.98,11.058000000000002,10.959999999999999,11.1245,10.089833333333333,11.030117528360853,10.845598259198404,0.18451926916244865,0.23927145917795323,-0.054752190015504576,47.20496894409934,11.1245,11.574645005876533,10.674354994123465
2024-11-11,000001,11.03,11.0,11.08,10.87,1486952,1717961561.94,1.89,-1.08,-0.12,0.77,11.086000000000002,10.956,11.1035,10.1215,11.025484062459181,10.857035425183707,0.16844863727547477,0.22510689479745755,-0.05665825752198278,44.444444444444464,11.1035,11.534375485738424,10.672624514261576
2024-11-12,000001,10.98,10.94,11.24,10.91,1717663,2005791407.67,3.0,-0.55,-0.06,0.89,11.064,10.956,11.0855,10.1505,11.012332668234691,10.863180949244173,0.1491517189905185,0.20991585963606976,-0.06076414064555127,40.58823529411765,11.0855,11.51186653369188,10.65913346630812
2024-11-13,000001,10.9,11.01,11.1,10.88,1086263,1260161857.32,2.01,0.64,0.07,0.56,11.076,10.985,11.063,10.181166666666664,11.011973796198586,10.874056434485345,0.13791736171324054,0.19551616005150393,-0.057598798338263396,45.78313253012047,11.063,11.452012244428873,10.673987755571128
2024-11-14,000001,10.99,10.94,11.1,10.93,1159783,1348378228.97,1.54,-0.64,-0.07,0.6,11.001999999999999,11.001,11.0425,10.211666666666668,11.000900904475726,10.878941143041985,0.12195976143374132,0.18080488032795142,-0.0588451188942101,44.970414201183445,11.0425,11.410474541453203,10.674525458546798
2024-11-15,000001,10.9,10.84,11.01,10.82,1215784,1399308729.48,1.74,-0.91,-0.1,0.63,10.946000000000002,11.001999999999999,11.0125,10.241000000000001,10.976146919171768,10.876056613927764,0.10009030524400409,0.16466196531116198,-0.0645716600671579,44.186046511627936,11.0125,11.33958440887043,10.68541559112957
2024-11-18,000001,11.03,11.15,11.44,11.02,3797324,4493249093.24,3.87,2.86,0.31,1.96,10.976,11.031,11.0095,10.273666666666665,11.002893546991498,10.896348716599782,0.1065448303917158,0.15303853832727277,-0.04649370793555696,55.44041450777204,11.0095,11.329991399013933,10.689008600986066
2024-11-19,000001,11.15,11.08,11.36,10.95,2430037,2849661696.39,3.68,-0.63,-0.07,1.25,11.004,11.034,11.004000000000001,10.303499999999998,11.014756078223575,10.909952515370168,0.10480356285340697,0.1433915432324996,-0.03858798037909264,60.112359550561756,11.004000000000001,11.315086381640066,10.692913618359936
2024-11-20,000001,11.07,11.04,11.15,11.01,1286572,1498818033.91,1.26,-0.36,-0.04,0.66,11.01,11.043,10.992999999999999,10.330000000000002,11.018639758496871,10.919585662379786,0.09905409611708471,0.13452405380941662,-0.03546995769233191,57.386363636363605,10.992999999999999,11.280647445028427,10.70535255497157
2024-11-21,000001,11.02,10.99,11.05,10.96,883408,1023998431.68,0.82,-0.45,-0.05,0.46,11.02,11.011,10.985,10.354833333333335,11.014233641805044,10.924801539240544,0.08943210256449952,0.1255056635604332,-0.03607356099593367,54.54545454545453,10.985,11.263000378643843,10.706999621356156
2024-11-22,000001,10.99,10.68,11.01,10.68,1625317,1858071592.39,3.0,-2.82,-0.31,0.84,10.988,10.967,10.9635,10.374333333333333,10.962813081527344,10.906668091889392,0.05614498963795178,0.11163352877593691,-0.05548853913798513,45.588235294117666,10.9635,11.266208823093667,10.660791176906333
2024-11-25,000001,10.68,10.58,10.74,10.54,1166020,1310130629.11,1.87,-0.94,-0.1,0.6,10.873999999999999,10.924999999999999,10.9405,10.391666666666667,10.903918761292367,10.882470455453142,0.021448305839225412,0.09359648418859462,-0.07214817834936921,37.948717948717956,10.9405,11.285660527108028,10.595339472891972
2024-11-26,000001,10.58,10.67,10.71,10.54,831078,933733854.73,1.61,0.85,0.09,0.43,10.792,10.898,10.927000000000001,10.408999999999999,10.86793125955508,10.866731903197353,0.001199356357727055,0.07511705862242112,-0.07391770226469406,42.7835051546392,10.927000000000001,11.292749410906916,10.561250589093087
2024-11-27,000001,10.64,10.79,10.79,10.55,895178,1010001963.81,2.25,1.12,0.12,0.46,10.742,10.876000000000001,10.930499999999999,10.427999999999999,10.855941835008144,10.861048058516067,-0.005106223507922891,0.05907240219635231,-0.06417862570427521,34.70588235294116,10.930499999999999,11.289180329746664,10.571819670253333
2024-11-28,000001,10.79,10.74,10.82,10.72,733169,833121339.08,0.93,-0.46,-0.05,0.38,10.692,10.856,10.928500000000001,10.447166666666666,10.838104629622276,10.852081535663025,-0.013976906040749526,0.04446254054893194,-0.05843944658968147,37.82051282051284,10.928500000000001,11.291137995512443,10.56586200448756
2024-11-29,000001,10.77,10.78,10.86,10.74,1028488,1173316153.6,1.12,0.37,0.04,0.53,10.712,10.85,10.925999999999998,10.468666666666667,10.829165455834232,10.84674216265095,-0.01757670681671719,0.03205469107580212,-0.04963139789251931,42.56756756756754,10.925999999999998,11.292169359722802,10.559830640277195
2024-12-02,000001,10.79,10.79,10.8,10.71,975434,1108785597.4,0.83,0.09,0.01,0.5,10.754,10.813999999999998,10.9225,10.493666666666666,10.823140001090504,10.84253903949162,-0.01939903840111512,0.021763945180418673,-0.041162983581533794,44.75524475524474,10.9225,11.292642220177195,10.552357779822804
2024-12-03,000001,10.77,10.89,10.9,10.75,1082559,1236992678.1,1.39,0.93,0.1,0.56,10.797999999999998,10.794999999999998,10.9145,10.519833333333333,10.833426154768889,10.846054666195943,-0.01262851142705479,0.014885453858923982,-0.02751396528597877,45.89041095890414,10.9145,11.279925491001235,10.549074508998766
2024-12-04,000001,10.84,10.86,10.93,10.77,1007471,1154623369.68,1.47,-0.28,-0.03,0.52,10.812000000000001,10.777000000000001,10.91,10.546333333333333,10.837514438650599,10.847087653885133,-0.009573215234533805,0.009993720040232426,-0.01956693527476623,47.183098591549296,10.91,11.275801211473663,10.544198788526337
2024-12-05,000001,10.84,10.84,10.9,10.81,687109,786137963.74,0.83,-0.18,-0.02,0.35,10.831999999999999,10.761999999999999,10.886500000000002,10.573,10.837896832704352,10.846562642486235,-0.008665809781883027,0.0062618140758093355,-0.014927623857692363,50.0,10.886500000000002,11.200876576065646,10.572123423934357
2024-12-06,000001,10.84,11.06,11.1,10.83,1726269,2004270465.79,2.49,2.03,0.22,0.89,10.888,10.8,10.883500000000002,10.604333333333333,10.872066550749837,10.862372817116885,0.009693733632952117,0.006948197987237892,0.0027455356457142255,46.400000000000006,10.883500000000002,11.189528894404333,10.57747110559567
2024-12-09,000001,11.03,11.07,11.12,10.99,964063,1123441854.9,1.18,0.09,0.01,0.5,10.944,10.849,10.887,10.635,10.902517850634476,10.877752608441561,0.024765242192914982,0.01051160682837331,0.014253635364541672,49.579831932773125,10.887,11.200157098627612,10.57384290137239
2024-12-10,000001,11.3,11.19,11.35,11.15,2167807,2564600676.79,1.81,1.08,0.12,1.12,11.004,10.901,10.8995,10.667499999999999,10.946745873613787,10.900882044853297,0.04586382876049022,0.017582051214796696,0.028281777545693526,55.90551181102364,10.8995,11.24030245860217,10.55869754139783
2024-12-11,000001,11.19,11.13,11.23,11.12,967691,1138374174.98,0.98,-0.54,-0.06,0.5,11.058,10.934999999999999,10.9055,10.702833333333333,10.974938816134744,10.917853745234535,0.05708507090020909,0.025482655151879176,0.031602415748329914,55.468750000000036,10.9055,11.2585006709399,10.5524993290601
2024-12-12,000001,11.13,11.25,11.27,11.11,986235,1164062448.23,1.44,1.08,0.12,0.51,11.14,10.986,10.921,10.739333333333333,11.017255921344784,10.942457171513459,0.0747987498313254,0.03534587408776842,0.03945287574355698,76.1467889908258,10.921,11.30613975590525,10.53586024409475
2024-12-13,000001,11.19,10.96,11.2,10.96,1343793,1565589089.36,2.13,-2.58,-0.29,0.69,11.120000000000001,11.004000000000001,10.927,10.775166666666667,11.008447318060972,10.943756640290239,0.06469067777073256,0.04121483482436125,0.02347584294637131,64.84375000000009,10.927,11.310562250488507,10.543437749511492
2024-12-16,000001,10.96,10.97,11.06,10.93,805718,934226189.29,1.19,0.09,0.01,0.42,11.1,11.022,10.918000000000001,10.809666666666667,11.002532346051591,10.945700592861332,0.05683175319025935,0.044338218497540875,0.012493534692718473,62.50000000000007,10.918000000000001,11.287728207428417,10.548271792571585
2024-12-17,000001,10.97,10.93,11.05,10.92,802120,929225455.3,1.19,-0.36,-0.04,0.41,11.048,11.026,10.9105,10.844166666666666,10.991373523582116,10.944537585982715,0.04683593759940052,0.044837762317912803,0.00199817528148772,56.25000000000004,10.9105,11.272394139799006,10.548605860200995
2024-12-18,000001,10.98,11.05,11.14,10.97,1016590,1186285805.48,1.56,1.1,0.12,0.52,11.032,11.045000000000002,10.911,10.879500000000002,11.00039298149256,10.952349616650661,0.04804336484189875,0.045478882822709996,0.0025644820191887546,63.02521008403363,10.911,11.273674277525656,10.548325722474344
2024-12-19,000001,10.99,10.99,11.04,10.94,697379,808465663.92,0.9,-0.54,-0.06,0.36,10.98,11.06,10.911,10.913166666666665,10.998794061262934,10.955138533935799,0.04365552732713596,0.04511421172359519,-0.0014586843964592353,58.67768595041325,10.911,11.273674277525656,10.548325722474344
2024-12-20,000001,10.99,11.02,11.1,10.98,714646,831437460.3,1.09,0.27,0.03,0.37,10.992,11.056000000000001,10.928,10.945833333333333,11.00205651337633,10.95994308697759,0.04211342639873905,0.04451405465862397,-0.002400628259884921,59.349593495934975,10.928,11.27668776562212,10.579312234377882
2024-12-23,000001,11.04,11.13,11.24,11.04,1659405,1953519499.07,1.81,1.0,0.11,0.86,11.024000000000001,11.062000000000001,10.9555,10.978000000000002,11.02174012670305,10.97253989534962,0.04920023135342966,0.04545128999758511,0.003748941355844547,59.67741935483872,10.9555,11.274080734210864,10.636919265789137
2024-12-24,000001,11.12,11.26,11.27,11.12,1350837,1595698790.02,1.35,1.17,0.13,0.7,11.09,11.068999999999999,10.985,11.006833333333333,11.058395491825657,10.993833236434833,0.06456225539082361,0.04927348307623281,0.015288772314590797,64.9253731343284,10.985,11.301527208441888,10.668472791558111
2024-12-25,000001,11.26,11.32,11.42,11.24,1475283,1759956630.34,1.6,0.53,0.06,0.76,11.144000000000002,11.088000000000001,11.0115,11.0345,11.098642339237093,11.01799373743966,0.08064860179743327,0.05554850682047291,0.025100094976960363,67.39130434782612,11.0115,11.347437024173175,10.675562975826825
2024-12-26,000001,11.32,11.26,11.33,11.18,1000075,1183745518.53,1.33,-0.53,-0.06,0.52,11.198,11.089,11.0375,11.050333333333333,11.12346659473908,11.035920127258946,0.08754646748013428,0.06194809895240519,0.025598368527729093,58.196721311475386,11.0375,11.365355873340727,10.709644126659272
2024-12-27,000001,11.27,11.23,11.3,11.06,1290012,1518383345.11,2.13,-0.27,-0.03,0.66,11.24,11.116,11.06,11.061166666666667,11.139856349394606,11.050296414128653,0.08955993526595307,0.06747046621511477,0.022089469050838306,56.451612903225815,11.06,11.374960314960154,10.745039685039847
2024-12-30,000001,11.18,11.35,11.37,11.18,1351846,1610892096.25,1.69,1.07,0.12,0.7,11.284,11.154,11.088,11.060833333333333,11.172186141795436,11.072496679748753,0.09968946204668327,0.07391426538142848,0.025775196665254796,56.451612903225815,11.088,11.401459474422227,10.774540525577772
2024-12-31,000001,11.33,11.1,11.39,11.1,1475367,1747242074.23,2.56,-2.2,-0.25,0.76,11.251999999999999,11.171000000000001,11.0985,11.045166666666667,11.161080581519215,11.074533962730326,0.08654661878888881,0.07644073606292055,0.010105882725968254,48.95104895104891,11.0985,11.397781595966084,10.799218404033915
